{
  "title": " ",
  "outline": [
    {
      "level": "H1",
      "text": "2007. The planning process must also secure the full commitment of all stakeholders, as ",
      "page": 6
    },
    {
      "level": "H1",
      "text": "1. that ODL expenditures will increase by 50% over a 10 year period ",
      "page": 10
    },
    {
      "level": "H1",
      "text": "2. that government funding will decrease from 70% to 45% during that 10 year period ",
      "page": 10
    },
    {
      "level": "H1",
      "text": "3. that library contributions, endowment and gifts/in-kind funding will increase from 30% to 55% ",
      "page": 10
    },
    {
      "level": "H1",
      "text": "1. Reference Resources ",
      "page": 14
    },
    {
      "level": "H1",
      "text": "2. Subject Guides ",
      "page": 14
    },
    {
      "level": "H1",
      "text": "3. Educational tool-kits ",
      "page": 14
    },
    {
      "level": "H1",
      "text": "4. Journals, books, maps, music etc. ",
      "page": 14
    }
  ]
}