{
  "title": "Overview Foundation Level Extensions ",
  "outline": [
    {
      "level": "H1",
      "text": "1. Introduction to the Foundation Level Extensions ",
      "page": 6
    },
    {
      "level": "H1",
      "text": "2. Introduction to Foundation Level Agile Tester Extension ",
      "page": 7
    },
    {
      "level": "H2",
      "text": "2.1 Intended Audience ",
      "page": 7
    },
    {
      "level": "H1",
      "text": "1. Professionals who have achieved in-depth testing experience in traditional methods and would ",
      "page": 7
    },
    {
      "level": "H1",
      "text": "2. Junior professional testers who are just starting in the testing profession, have received the ",
      "page": 7
    },
    {
      "level": "H1",
      "text": "3. Professionals who are relatively new to testing and are required to implement test approaches, ",
      "page": 7
    },
    {
      "level": "H1",
      "text": "4. Professionals who are experienced in their role (including unit testing) and need more ",
      "page": 7
    },
    {
      "level": "H2",
      "text": "2.2 Career Paths for Testers ",
      "page": 7
    },
    {
      "level": "H2",
      "text": "2.3 Learning Objectives ",
      "page": 7
    },
    {
      "level": "H2",
      "text": "2.4 Entry Requirements ",
      "page": 8
    },
    {
      "level": "H2",
      "text": "2.5 Structure and Course Duration ",
      "page": 8
    },
    {
      "level": "H2",
      "text": "2.6 Keeping It Current ",
      "page": 9
    },
    {
      "level": "H1",
      "text": "3. Overview of the Foundation Level Extension – Agile Tester ",
      "page": 10
    },
    {
      "level": "H2",
      "text": "3.1 Business Outcomes ",
      "page": 10
    },
    {
      "level": "H2",
      "text": "3.2 Content ",
      "page": 10
    },
    {
      "level": "H1",
      "text": "4. References ",
      "page": 12
    },
    {
      "level": "H2",
      "text": "4.1 Trademarks ",
      "page": 12
    },
    {
      "level": "H2",
      "text": "4.2 Documents and Web Sites ",
      "page": 12
    }
  ]
}